file,bytes,sha256
pretrained/eeg_vjepa_ViT-B_4×30×2.pth.tar,1630862661,66e9673f8ce42c3c973470821777a793a37db2ddb58dfd040a664560f7eefc85
pretrained/eeg_vjepa_ViT-M_4×30×4.pth.tar,477699685,5fee4a6c08123cfb2d18d86e5d483aac32630ceed7ed1b2babc052799c48db79
code/branchC_h20_enc_cv_s0_f0.pt,3580027,3f317aeef5f6190d4175fac49ff6b61a5d508cddb573de1e2efc59a5396f46e2
code/branchC_h20_enc_cv_s0_f1.pt,3580027,51303e90f44609e09eb39161890bd1614d48dce22f49b55782bf84f71d0a4f17
code/branchC_h20_enc_cv_s0_f2.pt,3580027,0967682ce40055a10db6877d84f5ed535fc4cb02af7b6e4d7e0d0c76865ccf2a
code/branchC_h20_enc_cv_s0_f3.pt,3580027,79333406d805e2e0605878b207b788e74b06797c95f06dc6bfc8db77117103ab
code/branchC_h20_enc_cv_s0_f4.pt,3580027,6052c849bdd9377a4591bc48e1d582e0b6b273c69a678092bcb3328c195feb00
code/branchC_h20_joint_enc_cv_s0_f0.pt,3580153,a5a3526fd678ed87f951c0b032af75f5370dc3782a2da2cfa084d563f008e5c9
code/branchC_h20_joint_enc_cv_s0_f1.pt,3580153,740ebe1b8cf6665bc15ea2f05d2d2f4fa17b96232794c8406820774f611a003a
code/branchC_h20_joint_enc_cv_s0_f2.pt,3580153,cebf5a521d5c5a4d9f25609669391f2d38a53d90fc71cf94f3131546fccef122
code/branchC_h20_joint_enc_cv_s0_f3.pt,3580153,e4683b602bf0186d44f9d8a4402b628d53d02b741f029a87851d2e9a098bd8a9
code/branchC_h20_joint_enc_cv_s0_f4.pt,3580153,d97b645ac2cf8376e907fb7e7c25759268800f54dad31631255ee4a526ee5cb3
code/branchC_h20_joint_rep1_enc_cv_s0_f0.pt,3580223,c27ab508d139e151ba2d8ef82bda6c348fb908d3436dc366617908b00850ed2b
code/branchC_h20_joint_rep1_enc_cv_s0_f1.pt,3580223,614bdab7497edfbcfde2195a05450b61c9d566aecf313c29229672379e34b184
code/branchC_h20_joint_rep1_enc_cv_s0_f2.pt,3580223,d726260dc5c4b5778336f4e58dcc7f6b166f35b5692fe15dcbb4ddfd62d15a7c
code/branchC_h20_joint_rep1_enc_cv_s0_f3.pt,3580223,1e8a91b8e76d98fbe3ff7545cde319ed7daf6be7f28246402394dc516dc19f57
code/branchC_h20_joint_rep1_enc_cv_s0_f4.pt,3580223,c2fe906ce00a02556d86c19d311bdadb60ef11bf6c3989d873d35ef9fde076cf
code/branchC_h20_joint_rep2_enc_cv_s0_f0.pt,3580223,b6ec174bee1f66adf0b6886b24744369ca911c223cfa1c32316d080e678b2732
code/branchC_h20_joint_rep2_enc_cv_s0_f1.pt,3580223,87c097ba06e44454f24dacf0ed68e145fa77b88862a1594e7072dc2e15210077
code/branchC_h20_joint_rep2_enc_cv_s0_f2.pt,3580223,7d0abae597801758149c602757a524ef15a3040d0e50ea40cef0a1f72a77b91b
code/branchC_h20_joint_rep2_enc_cv_s0_f3.pt,3580223,dc0d50861a5358dc6cbd99c22162dd2e1746350f82f842395fb4e158a42e9e50
code/branchC_h20_joint_rep2_enc_cv_s0_f4.pt,3580223,d3e77024f0dad7d3e6bbe4e948c5f867bace50cbb4ee91081c656aaa4ff59749
code/branchC_h20_rep1_enc_cv_s0_f0.pt,3580097,296855795c352e971f278f6c27b6f40a75be5ad8647b261d6236b78403265533
code/branchC_h20_rep1_enc_cv_s0_f1.pt,3580097,625b8d57f8a03ce9fac88a86b14d6ae663fbe758c3915325dcb3ea8a57ca01f9
code/branchC_h20_rep1_enc_cv_s0_f2.pt,3580097,76a10aa3fad8f50f85460fd313c5139ede3a056b33aaadaec232958152d2bd65
code/branchC_h20_rep1_enc_cv_s0_f3.pt,3580097,f2ff4abe843eccdf30ca9db0b9cc1c829c53bc0cbb205350543c2a8e03f924f1
code/branchC_h20_rep1_enc_cv_s0_f4.pt,3580097,75735a0f4c10b700c8ae972ed1d452129f76bc79981f9d9738f0903f0bc6f7c5
code/branchC_h20_rep2_enc_cv_s0_f0.pt,3580097,03493e85f1666bf58b54c2357bc5ead7a4cfca317c6b5ad6da04d492d0a1cb8f
code/branchC_h20_rep2_enc_cv_s0_f1.pt,3580097,9bf41f6e896d23000fd2dab3a0a9a2aefd6cb5b731930017687f460b1d149911
code/branchC_h20_rep2_enc_cv_s0_f2.pt,3580097,6a973481a5f8cc9ac988ee59bcd1d3d3fd3f49ba09b4c3d3c114ca9d4a4759c0
code/branchC_h20_rep2_enc_cv_s0_f3.pt,3580097,50159eb858027072d514ef6ec3c892c60618c548731ee6a157c7eef600d80e7a
code/branchC_h20_rep2_enc_cv_s0_f4.pt,3580097,1c1f34d60193780babc9aaeaf1ef7dedd8ac1ea4f1f5725f8415730c9065c58d
code/fei_enc_cv_s0_f0.pt,1924641,9c19744921897606d95cdff1f5891037d9eae35a4af7f767837ea9d725da2e82
code/fei_enc_cv_s0_f1.pt,1924641,e6979bfcd2ded5bf34a5899d8774e156c78c36e5f4f8ab2b1288f0f57a3c650b
code/fei_enc_cv_s0_f2.pt,1924641,168009521ca39e5409b7d9833d7a7585cde6c56dfd068b5ab1eea9f3ba8629d2
code/fei_enc_cv_s0_f3.pt,1924641,7d8144ac9225c84f3d6424b01256aa569ac63ec8f0b90fa5b8804a22ffeefee5
code/fei_enc_cv_s0_f4.pt,1924641,54606d73ff483b18280599addce8d4cd91e2a7e4879d3e27a7554fa20f1ae113
code/fei_joint_enc_cv_s0_f0.pt,1925201,0634119f64a4b333bf94ffc6172a5712e9ac1835d0198bdb2fca3ffe5259822a
code/fei_joint_enc_cv_s0_f1.pt,1925201,d6014004cfcab15efdca3028378a41f16e256aabc2c11cedc80013cd313f4670
code/fei_joint_enc_cv_s0_f2.pt,1925201,0cf135fed3d9e93a17ff24b6a697978232f359b39bb3b3e0020db077a411899c
code/fei_joint_enc_cv_s0_f3.pt,1925201,9e9f4a2eec0f010fb15d23ce71f6837ba29c9b0ab14258e6e2ba1e4624cbd670
code/fei_joint_enc_cv_s0_f4.pt,1925201,47b5f51604bf6cdbdd77baa4000ddf2d28b1ed0135d7137c4f8398dbe9557ac9
code/fei_joint_rep1_enc_cv_s0_f0.pt,1925381,be3f00726cf911b7b805c8b5232c56740beb9c51be9121139623372809fe03d6
code/fei_joint_rep1_enc_cv_s0_f1.pt,1925381,631aa59222ec53a3a8fd69ca5f1582f906beeb879254b6e2c3fc1dc98eac6f39
code/fei_joint_rep1_enc_cv_s0_f2.pt,1925381,8e532478cac81feae9decbeb3607226c8167507fa3bcc37f165dcba23917b106
code/fei_joint_rep1_enc_cv_s0_f3.pt,1925381,30e5136dad03340693b311360707fbe53d27e5d5f5fe0412b5212fc1a67eed58
code/fei_joint_rep1_enc_cv_s0_f4.pt,1925381,104ad2a5ec816a69725476a665d21f0de248d21e003184789dc9ffb56b98b683
code/fei_joint_rep2_enc_cv_s0_f0.pt,1925381,8b9a440fb1147a7cfcdf705167dcb1658cce16c225836fca7b7f1c44567b522a
code/fei_joint_rep2_enc_cv_s0_f1.pt,1925381,43b7a22cf90bf6561c8b9f6445ef7685ee7ae95f7ded233b24cdd0cc47755a24
code/fei_joint_rep2_enc_cv_s0_f2.pt,1925381,178d977a5e0cc808b544b168aa90cd2ae2741ccdd2a55958e502c22bd9b777ef
code/fei_joint_rep2_enc_cv_s0_f3.pt,1925381,c91b229ad57ba240ebe69fa005f724d180a3724e145a77912b513832a175d14e
code/fei_joint_rep2_enc_cv_s0_f4.pt,1925381,e90d4412926eb7a7ebd43715444c439b1bb3d0dbf79133c65549c63aef9452f2
code/fei_rep1_enc_cv_s0_f0.pt,1924993,901ed32687772de2a9ce8d2d44b818c75f021f0078a17a86e311b1710dd77ce2
code/fei_rep1_enc_cv_s0_f1.pt,1924993,a292d120c057c064d1f1502cc352abd0282994159227dc541d2f86c52ecacfb5
code/fei_rep1_enc_cv_s0_f2.pt,1924993,cf3795cbc261a62092feb1f897664d408ca9f20522e16ac3eb70f087e6c9c395
code/fei_rep1_enc_cv_s0_f3.pt,1924993,8547b2e1daa01b04cbde8b1dd4e52d32ef2d2bb13b2cca78dff56dcd98c60d32
code/fei_rep1_enc_cv_s0_f4.pt,1924993,2487d265ec99baa7b8db25c8bfe9384c6ce862e74b0c6eebd62e144189bc72e9
code/fei_rep2_enc_cv_s0_f0.pt,1924993,a525b0a42740bdc66358b2757745c26fee6390896bf8a4494199b4ad6d12c286
code/fei_rep2_enc_cv_s0_f1.pt,1924993,053276dfb042db86ad8312904e6022514f5f451e7948d084282889793043e476
code/fei_rep2_enc_cv_s0_f2.pt,1924993,12ef8fc1ae21d0bf64347ada60c6c4c3434133def63f9f46eb04d8807bbc5175
code/fei_rep2_enc_cv_s0_f3.pt,1924993,38634c90312fea6dd10ebd83ecffa0dcdb1768b651c478ee39dc9f67aaba9186
code/fei_rep2_enc_cv_s0_f4.pt,1924993,94a8223f783c0d4ef601040b047cb9ffbff9ae94d52a154185be1eb8f1491f76
code/fei_rep3_enc_cv_s0_f0.pt,1925165,c9ced1ab9e29261308c212afcbbd1283be1ccf8eeb94675ddcaae0bcdaaac562
code/fei_rep3_enc_cv_s0_f1.pt,1925165,6a3154b6876b0ff2e1b5bfc3089f4c252584a55c77693d94b09e878f645509bb
code/fei_rep3_enc_cv_s0_f2.pt,1925165,d6f286a30e7b36828bd0c33c6da3d01d279b5c12ab6bf6455978c2a52d154749
code/fei_rep3_enc_cv_s0_f3.pt,1925165,b129912abc633ef2d5b7db4753b06005a6e372edb4fad68e0b24e3c08849ac05
code/fei_rep3_enc_cv_s0_f4.pt,1925165,956a1fefdc4b16c06be6939e9d2288b2cf398c875c4de7586e8f2210fd1b939e
code/fei_rep4_enc_cv_s0_f0.pt,1925165,f59b48e59ee24db5c3a3ab39818823bb37fcc6ff95bc07867be4561556cba4ca
code/fei_rep4_enc_cv_s0_f1.pt,1925165,32b730ae25606af5c174e2d79c4c092eb143ecfea26e2c7851dcf0968345abcf
code/fei_rep4_enc_cv_s0_f2.pt,1925165,3577b6cd7380af727bb2996a92d8a92bbdc327ffa895e0a895bae4c552fd16e1
code/fei_rep4_enc_cv_s0_f3.pt,1925165,16860600abc5dfde19aba6dcbb057b3c26864acb52601fbb0aa82993cec3e195
code/fei_rep4_enc_cv_s0_f4.pt,1925165,aed0f9dafc02821c0ca29f0c14d053fb7d30f264c187a003d4d7eb45fafbbd70
