cohort,subject,label_stroke,rest_seconds
primary,PAC02,1,285.0
primary,PAC03,1,285.0
primary,PAC04,1,285.0
primary,PAC05,1,285.0
primary,PAC06,1,285.0
primary,PAC07,1,285.0
primary,PAC08,1,285.0
primary,PAC09,1,285.0
primary,PAC10,1,285.0
primary,C03,0,285.0
primary,CONTROL04,0,285.0
primary,CONTROL05,0,285.0
primary,CONTROL06,0,285.0
primary,CONTROL07,0,285.0
primary,CONTROL08,0,285.0
sensitivity,PAC01,1,300.0
sensitivity,PAC02,1,300.0
sensitivity,PAC03,1,300.0
sensitivity,PAC04,1,300.0
sensitivity,PAC05,1,300.0
sensitivity,PAC06,1,300.0
sensitivity,PAC07,1,300.0
sensitivity,PAC08,1,300.0
sensitivity,PAC09,1,300.0
sensitivity,PAC10,1,300.0
sensitivity,02,0,300.0
sensitivity,C01,0,300.0
sensitivity,C03,0,300.0
sensitivity,CONTROL04,0,300.0
sensitivity,CONTROL05,0,300.0
sensitivity,CONTROL06,0,300.0
sensitivity,CONTROL07,0,300.0
sensitivity,CONTROL08,0,300.0
